date,open,high,low,close,volume,average,barCount,text,percent
2022-11-02 14:31:15,387.13,387.17,386.75,386.83,82173.0,386.884,444, My colleagues and I are strongly committed to bringing inflation back down to our 2% goal.,-0.0774933484875911
2022-11-02 14:31:20,386.8,387.0,386.8,386.91,38918.0,386.913,234, We have both the tools that we need and the resolve it will take to restore price stability,0.028438469493281708
2022-11-02 14:31:25,386.94,386.96,386.55,386.64,48165.0,386.749,232, on behalf of American families and businesses.,-0.07753140021709086
2022-11-02 14:31:30,386.64,386.95,386.59,386.86,30688.0,386.76,190, Price stability is the responsibility of the Federal Reserve and serves as the bedrock,0.05690047589489636
2022-11-02 14:31:35,386.91,386.92,386.81,386.87,22270.0,386.862,130," Without price stability, the economy does not work for anyone.",-0.010338321573497832
2022-11-02 14:31:40,386.85,386.85,386.65,386.73,15112.0,386.718,112," In particular, without price stability, we will not achieve a sustained period of strong",-0.03101977510663165
2022-11-02 14:31:45,386.71,386.71,386.33,386.34,38814.0,386.503,259, labor market conditions that benefit all.,-0.09567893253342416
2022-11-02 14:31:50,386.31,386.47,386.2,386.43,51167.0,386.283,360, Today the FOMC raised our policy interest rate by 75 basis points and we continue to anticipate,0.031063135823562564
2022-11-02 14:31:55,386.43,386.59,386.36,386.59,77731.0,386.44,411, that ongoing increases will be appropriate.,0.04140465284785554
2022-11-02 14:32:00,386.59,386.69,386.52,386.52,32755.0,386.599,220, to return inflation to 2%.,-0.018107038464521375
2022-11-02 14:32:05,386.52,386.52,386.02,386.04,49679.0,386.291,240," In addition, we are continuing the process of significantly reducing the size of our balance",-0.12418503570318777
2022-11-02 14:32:10,386.03,386.19,385.98,386.15,42246.0,386.076,223, Restoring price stability will likely require maintaining a restrictive stance of policy,0.031085666917080167
2022-11-02 14:32:15,386.16,386.4,386.14,386.32,39693.0,386.264,209, I will have more to say about today's monetary policy actions after briefly reviewing economic,0.04143360265174233
2022-11-02 14:32:20,386.28,386.55,386.25,386.5,26725.0,386.383,141,,0.05695350522937437
2022-11-02 14:32:25,386.51,386.72,386.49,386.67,34212.0,386.613,249, The U.S. economy has slowed significantly from last year's rapid pace.,0.04139608289566247
2022-11-02 14:32:30,386.69,386.77,386.65,386.67,33720.0,386.714,244, Global GDP rose at a pace of 2.6 percent last quarter but is unchanged so far this year.,-0.005172101683514394
2022-11-02 14:32:35,386.66,387.19,386.62,387.14,52512.0,386.948,329,,0.12414007138053104
2022-11-02 14:32:40,387.13,387.17,386.88,387.14,42532.0,387.066,232, Recent indicators point to modest growth of spending and production this quarter.,0.002583111616250589
2022-11-02 14:32:45,387.17,387.45,387.14,387.39,40859.0,387.249,280, Growth and consumer spending has slowed from last year's rapid pace in part reflecting,0.05682258439444442
2022-11-02 14:32:50,387.44,387.45,387.26,387.38,40199.0,387.343,185, lower real disposable income and tighter financial conditions.,-0.015486268841627678
2022-11-02 14:32:55,387.38,387.39,386.97,387.17,33615.0,387.167,150, rates.,-0.05421033610407856
2022-11-02 14:33:00,387.16,387.22,386.84,387.0,51091.0,387.03,289, Higher interest rates and slower output growth also appear to be weighing on business fixed,-0.04132658332473008
2022-11-02 14:33:05,387.02,387.03,386.68,386.8,51637.0,386.82,313," Despite the slowdown in growth, the labor market remains extremely tight with the unemployment",-0.05684460751381594
2022-11-02 14:33:10,386.86,387.04,386.81,387.04,16605.0,386.919,100, Job vacancies still very high and wage growth elevated.,0.046528459907978804
2022-11-02 14:33:15,387.05,387.17,386.99,386.99,13728.0,387.095,84,,-0.015501873143005366
2022-11-02 14:33:20,386.99,387.12,386.91,387.06,18918.0,387.002,88," Job gains have been robust with employment rising by an average of 289,000 jobs per month",0.01808832269567513
2022-11-02 14:33:25,387.06,387.17,386.92,387.04,20096.0,387.052,143, Low job vacancies have moved below their highs and the pace of job gains has slowed from,-0.005167157546628897
2022-11-02 14:33:30,387.03,387.13,386.99,387.02,27447.0,387.052,129, The labor market continues to be out of balance with demand substantially exceeding the supply,-0.0025837790352145583
2022-11-02 14:33:35,387.04,387.2,387.02,387.11,11580.0,387.116,83,,0.018085985944603446
2022-11-02 14:33:40,387.12,387.13,386.79,386.89,13789.0,386.929,96, The labor force participation rate is little changed since the beginning of the year.,-0.05941310188055854
2022-11-02 14:33:45,386.87,386.94,386.61,386.83,60763.0,386.843,289, Inflation remains well above our longer run goal of 2 percent.,-0.01033939049293573
2022-11-02 14:33:50,386.87,387.0,386.83,386.94,7744.0,386.931,52," After the 12 months ending in September, total PCE prices rose 6.2 percent, excluding",0.018093933362626508
2022-11-02 14:33:55,386.95,386.99,386.86,386.86,18810.0,386.932,102," the volatile food and energy categories, core PCE prices rose 5.1 percent.",-0.02325881896885256
2022-11-02 14:34:00,386.9,387.08,386.75,387.05,23435.0,386.913,159,,0.038769707934875705
2022-11-02 14:34:05,387.06,387.07,386.6,386.72,30064.0,386.795,198, The recent inflation data again have come in higher than expected.,-0.0878416782927647
2022-11-02 14:34:10,386.72,386.92,386.68,386.83,19058.0,386.781,95, Russia's war against Ukraine has boosted prices for energy and food and has created,0.02844435250309185
2022-11-02 14:34:15,386.89,387.17,386.84,387.09,32206.0,387.051,198, additional upward pressure on inflation.,0.051694280027911974
2022-11-02 14:34:20,387.1,387.13,386.82,386.82,16470.0,386.957,102," Despite elevated inflation, longer term inflation expectations appear to remain well anchored",-0.0723327305605863
2022-11-02 14:34:25,386.81,387.0,386.8,387.0,20558.0,386.919,147," as reflected in a broad range of surveys of households, businesses and forecasters,",0.049119722861352536
2022-11-02 14:34:30,386.96,387.0,386.88,386.95,4605.0,386.961,31, as well as measures from financial markets.,-0.002584246433737571
2022-11-02 14:34:35,386.96,386.97,386.59,386.71,37089.0,386.734,184," The longer the current bout of high inflation continues, the greater the chance that expectations",-0.06460616084349804
2022-11-02 14:34:40,386.73,386.79,386.51,386.78,46047.0,386.653,218, of higher inflation will become entrenched.,0.01292891681533745
2022-11-02 14:34:45,386.79,386.91,386.74,386.85,18832.0,386.815,100, The Fed's monetary policy actions are guided by our mandate to promote maximum employment,0.015512293492593468
2022-11-02 14:34:50,386.85,386.86,386.78,386.84,13281.0,386.815,88, and stable prices for the American people.,-0.002584981258898216
2022-11-02 14:34:55,386.9,387.09,386.84,386.89,76842.0,386.996,436, My colleagues and I are acutely aware that high inflation imposes significant hardship.,-0.002584647195655442
2022-11-02 14:35:00,386.91,386.92,386.7,386.7,23638.0,386.828,111," It is as it erodes purchasing power, especially for those least able to meet the higher costs",-0.054276188260845244
2022-11-02 14:35:05,386.69,386.84,386.62,386.79,23641.0,386.748,147," of essentials like food, housing and transportation.",0.025860508417601367
2022-11-02 14:35:10,386.81,387.0,386.71,386.79,12237.0,386.876,102," We are highly attentive to the risks that high inflation poses to both sides of our mandate,",-0.005170497143295626
2022-11-02 14:35:15,386.83,386.97,386.8,386.93,21980.0,386.897,185, and we're strongly committed to returning inflation to our 2% objective.,0.02585114908358264
2022-11-02 14:35:20,386.99,387.14,386.91,386.98,32390.0,387.008,157, by 75 basis points.,-0.0025840460993800628
2022-11-02 14:35:25,386.91,387.24,386.88,387.19,24625.0,387.125,181," And we are continuing the process of significantly reducing the size of our balance sheet, which",0.07236825101444075
2022-11-02 14:35:30,387.21,387.81,387.2,387.77,97840.0,387.514,688, plays an important role in forming the stance of monetary policy.,0.1446243640401855
2022-11-02 14:35:35,387.73,387.93,387.63,387.65,95192.0,387.808,475," With today's action, we've raised interest rates by three and three quarters percentage",-0.020632914657117307
2022-11-02 14:35:40,387.64,387.76,387.52,387.55,30898.0,387.617,162, We anticipate that ongoing increases in the target range for the federal funds rate will,-0.02321741822308714
2022-11-02 14:35:45,387.56,388.19,387.56,388.16,148005.0,388.015,823, be appropriate in order to attain a stance of monetary policy that is sufficiently restrictive,0.15481473836309803
2022-11-02 14:35:50,388.15,388.63,388.14,388.22,154486.0,388.446,883, to return inflation to 2% over time.,0.018034265103709913
2022-11-02 14:35:55,388.25,388.46,388.02,388.42,51105.0,388.253,320," Financial conditions have tightened significantly in response to our policy actions, and we are",0.043786220218935204
2022-11-02 14:36:00,388.46,388.47,388.02,388.23,61893.0,388.204,368, as housing.,-0.05920815527981295
2022-11-02 14:36:05,388.24,388.34,387.58,387.69,93311.0,387.94,520," It will take time, however, for the full effects of monetary restraint to be realized, especially",-0.14166494951576636
2022-11-02 14:36:10,387.69,388.12,387.69,388.1,65169.0,387.898,304, That's why we say in our statement that in determining the pace of future increases in,0.10575459774562795
2022-11-02 14:36:15,388.11,388.28,387.66,387.74,68404.0,387.931,465," the target range, we will take into account the cumulative tightening of monetary policy",-0.09533379711937454
2022-11-02 14:36:20,387.74,387.84,386.42,386.45,214600.0,387.037,1225, and the lags with which monetary policy affects economic activity and inflation.,-0.3326971682055038
2022-11-02 14:36:25,386.4,386.44,385.36,385.52,289403.0,385.919,1731," At some point, as I've said in the last two press conferences, it will become appropriate",-0.2277432712215309
2022-11-02 14:36:30,385.56,385.97,385.23,385.96,182330.0,385.537,896," to slow the pace of increases, as we approach the level of interest rates that will be sufficiently",0.10374520178441156
2022-11-02 14:36:35,385.92,385.94,385.27,385.27,155739.0,385.522,906, restrictive to bring inflation down to our 2% goal.,-0.1684286898839226
2022-11-02 14:36:40,385.29,385.37,384.83,384.89,174910.0,385.113,1080, There is significant uncertainty around that level of interest rates.,-0.10381790339744974
2022-11-02 14:36:45,384.95,384.97,384.42,384.63,134028.0,384.617,836," And incoming data, since our last meeting, suggests that the ultimate level of interest",-0.08312767891933841
2022-11-02 14:36:50,384.65,384.84,384.22,384.33,144259.0,384.539,694, rates will be higher than previously expected.,-0.08319251267385759
2022-11-02 14:36:55,384.3,384.3,383.9,383.99,138305.0,384.063,765, Our decisions will depend on the totality of incoming data and their implications for,-0.08066614623991732
2022-11-02 14:37:00,383.94,384.66,383.87,384.66,158312.0,384.183,856, We will continue to make our decisions meeting by meeting and communicate our thinking as,0.1875293014533592
2022-11-02 14:37:05,384.66,385.1,384.26,384.91,115768.0,384.681,648, clearly as possible.,0.06499246087453854
2022-11-02 14:37:10,384.92,385.07,384.77,384.96,101761.0,384.934,568, with supply.,0.010391769718373588
2022-11-02 14:37:15,384.98,385.2,384.41,384.48,183625.0,384.852,664, Our overarching focus is using our tools to bring inflation back down to our 2% goal and,-0.12987687672086862
2022-11-02 14:37:20,384.47,384.71,384.31,384.36,85629.0,384.479,412, to keep longer term inflation expectations well anchored.,-0.02861081488803122
2022-11-02 14:37:25,384.41,384.76,384.36,384.49,69747.0,384.546,429, Reducing inflation is likely to require a sustained period of below trend growth and some softening,0.020811113134409635
2022-11-02 14:37:30,384.52,384.68,383.83,383.91,105270.0,384.234,542, Restoring price stability is essential to set the stage for achieving maximum employment,-0.1586393425569429
2022-11-02 14:37:35,383.92,384.0,383.62,383.95,99706.0,383.77,503, and stable prices in the longer run.,0.007814127943314418
2022-11-02 14:37:40,383.96,384.03,383.62,383.69,99923.0,383.819,455, The historical record caution strongly against prematurely loosening policy.,-0.0703198249817642
2022-11-02 14:37:45,383.7,383.7,382.9,382.93,152778.0,383.279,805, We will stay the course until the job is done.,-0.20067761271826473
2022-11-02 14:37:50,383.01,383.28,382.66,383.12,154798.0,382.948,825, across the country.,0.028719876765623258
2022-11-02 14:37:55,383.15,383.38,382.55,382.58,138789.0,383.012,544, We at the Fed will do everything we can to achieve our maximum employment and price stability,-0.1487668015137657
2022-11-02 14:38:00,382.57,382.75,382.37,382.64,78067.0,382.562,394," Thank you, and I look forward to your questions.",0.01829730506835172
2022-11-02 14:38:05,382.66,382.91,382.65,382.85,88021.0,382.771,433, Thank you.,0.04965243296921489
2022-11-02 14:38:10,382.79,382.88,382.22,382.37,99456.0,382.5,578, On the need to slow the pace of rate increases at some point is a downshift contingent on a string,-0.10972073460644634
2022-11-02 14:38:15,382.37,382.78,382.37,382.61,115249.0,382.645,670,,0.06276643042079899
2022-11-02 14:38:20,382.63,382.97,382.6,382.77,83280.0,382.813,427, of better inflation data specifically between now and let's say the December meeting.,0.03658887175600093
2022-11-02 14:38:25,382.8,383.44,382.76,383.26,86076.0,383.033,418, Or is that something that the Fed could potentially proceed with independent of that data given,0.12016718913270104
2022-11-02 14:38:30,383.32,383.57,383.2,383.4,89843.0,383.405,433, So a couple of things on that.,0.02087029114055726
2022-11-02 14:38:35,383.45,383.58,383.26,383.33,71155.0,383.433,419, We do need to see inflation coming down decisively and good at evidence of that would be a series,-0.03129482331464456
2022-11-02 14:38:40,383.34,383.38,382.93,383.08,101754.0,383.059,555," Of course, that's what we'd all love to see.",-0.06782490739291254
2022-11-02 14:38:45,383.1,383.43,383.04,383.3,50080.0,383.235,278, But I've never thought of that as the appropriate test for slowing the pace of increases or for,0.05220569042025284
2022-11-02 14:38:50,383.23,383.6,383.02,383.55,70054.0,383.329,392, identifying the appropriately restrictive level that we're aiming for.,0.08350076977271956
2022-11-02 14:38:55,383.53,383.75,383.49,383.68,34080.0,383.612,209, bring inflation down to our 2% objective over the medium term.,0.03911036946263242
2022-11-02 14:39:00,383.67,383.69,382.82,382.83,64429.0,383.275,405, How will we know that we've reached that level?,-0.21893814997264102
2022-11-02 14:39:05,382.79,383.52,382.78,383.44,41307.0,383.129,244, guided by our assessment of how much financial conditions have tightened.,0.16980589879567837
2022-11-02 14:39:10,383.37,383.44,383.09,383.18,84160.0,383.194,448," The effects of that tightening is actually having on the real economy and on inflation,",-0.049560476823955375
2022-11-02 14:39:15,383.16,383.24,382.91,382.98,50917.0,383.105,245," taking into consideration lags, as I mentioned.",-0.046977763858442115
2022-11-02 14:39:20,382.97,383.29,382.93,383.21,38629.0,383.163,178," We will be looking at real rates, for example, all across the yield curve and all other financial",0.0626680941065755
2022-11-02 14:39:25,383.2,383.73,383.2,383.63,67147.0,383.491,319, And as we make that assessment.,0.11221294363256964
2022-11-02 14:39:30,383.67,383.7,383.1,383.2,27450.0,383.275,189," Hi, Howard Schneider with Reuters.",-0.1225011077227897
2022-11-02 14:39:35,383.22,383.33,383.08,383.25,22790.0,383.185,169," Look, I'm sure there's going to be tons of confusion out there about whether this means",0.007828401440418745
2022-11-02 14:39:40,383.26,383.91,383.26,383.82,80462.0,383.603,504, Would you say that the bias right now is not for another 75 basis when it agrees?,0.14611490893910198
2022-11-02 14:39:45,383.85,384.64,383.77,384.31,150241.0,384.251,904, So what I want to do is put that question of pace in the context of our broader tightening,0.11983847857235366
2022-11-02 14:39:50,384.29,384.29,383.58,383.81,52641.0,383.851,382,,-0.12490567019699138
2022-11-02 14:39:55,383.82,384.43,383.8,384.35,54525.0,384.078,348," program, if I may, and to talk about the statement language along the way.",0.13808556094003166
2022-11-02 14:40:00,384.3,384.32,383.98,384.15,47902.0,384.144,322, So I think you can think about our tightening program as really addressing three questions.,-0.039032006245129876
2022-11-02 14:40:05,384.18,384.36,384.07,384.23,73633.0,384.238,383, The second is how high to raise our policy rate.,0.013014732677393765
2022-11-02 14:40:10,384.22,384.48,384.07,384.22,89876.0,384.264,573, And the third will be eventually how long to remain at a restrictive level.,0.0
2022-11-02 14:40:15,384.24,384.46,384.05,384.12,52399.0,384.25,280," So on the first question, how fast to tighten policy.",-0.031230480949407807
2022-11-02 14:40:20,384.16,384.59,384.14,384.59,36353.0,384.335,230, It's been very important that we move expeditiously and we have clearly done so.,0.1119325281132731
2022-11-02 14:40:25,384.47,385.14,384.43,384.97,85085.0,384.796,423," We've moved three and three quarters percent since March, admittedly from a base of zero.",0.13004915858194396
2022-11-02 14:40:30,384.95,385.1,384.63,384.81,58535.0,384.846,331, It's a historically fast pace and that's certainly appropriate given the persistence and,-0.03636835952720779
2022-11-02 14:40:35,384.79,384.81,384.43,384.67,95242.0,384.583,583," So now we come to the second question, which is how high to raise our policy rate.",-0.03118584162790211
2022-11-02 14:40:40,384.66,384.93,384.65,384.78,89568.0,384.851,365, And we're saying that we'd raise that rate to a level that's sufficiently restrictive to bring inflation to our 2% target,0.03119638121976491
2022-11-02 14:40:45,384.83,385.35,384.43,384.57,140140.0,384.895,859, over time.,-0.0675623002364657
2022-11-02 14:40:50,384.54,384.66,384.14,384.54,103743.0,384.442,655, And we put that into our post-meeting statement because that really does become the important,0.0
2022-11-02 14:40:55,384.56,384.65,384.01,384.13,65320.0,384.268,359, And that's how far to go and I'll talk more about that.,-0.11181610151862047
2022-11-02 14:41:00,384.12,384.57,384.12,384.51,44208.0,384.354,234, We think there's some ground to cover before we meet that test and that's why we say that ongoing rate increases will be appropriate.,0.10153077163386087
2022-11-02 14:41:05,384.48,384.49,383.78,383.81,94703.0,384.025,498," And as I mentioned, incoming data between the meetings, both the strong labor market report, but particularly the CPI report,",-0.1742613399916812
2022-11-02 14:41:10,383.72,383.79,383.21,383.29,75398.0,383.454,402,,-0.11206087772334171
2022-11-02 14:41:15,383.32,383.76,383.32,383.74,90643.0,383.49,597, do suggest to me that we may ultimately move to higher levels than we thought at the time of the September meeting.,0.10956902848795157
2022-11-02 14:41:20,383.66,383.98,383.59,383.98,46167.0,383.77,265, That level is very uncertain though and I would say we're going to find it over time.,0.0834071834436723
2022-11-02 14:41:25,383.79,383.91,383.44,383.45,23388.0,383.689,155," Of course, with the lags between policy and economic activity, there's a lot of uncertainty.",-0.08859011438547951
2022-11-02 14:41:30,383.53,384.97,383.37,384.92,151834.0,384.114,1044,,0.3624227570203226
2022-11-02 14:41:35,384.95,385.49,384.69,384.72,281305.0,385.142,1763," So we note that in determining the pace of future increases, we'll take into account the cumulative tightening of monetary policy as well as the lags with monetary policy affects economic activity and inflation.",-0.05974801922326572
2022-11-02 14:41:40,384.8,385.57,384.45,385.41,138176.0,384.916,938,,0.15852390852391207
2022-11-02 14:41:45,385.43,385.66,384.73,385.08,104314.0,385.18,676," So I would say as we come closer to that level, move more into restrictive territory.",-0.09080766935630924
2022-11-02 14:41:50,385.07,385.18,384.6,385.08,81340.0,384.853,466," The question of speed becomes less important than the second, third questions.",0.002596930428231466
2022-11-02 14:41:55,385.18,385.74,385.04,385.64,101335.0,385.372,604, And that's why I've said it the last two press conferences that at some point it will become appropriate to slow the pace of increases.,0.11942468456305612
2022-11-02 14:42:00,385.62,385.83,385.33,385.77,79179.0,385.645,430, So that time is coming and it may come as soon as the next meeting or the one after that.,0.0388983973860218
2022-11-02 14:42:05,385.8,386.5,385.66,386.5,83841.0,386.092,511," It is likely we'll have a discussion about this at the next meeting, a discussion.",0.18144116122342888
2022-11-02 14:42:10,386.5,386.75,386.18,386.2,81173.0,386.525,536,,-0.07761966364812714
2022-11-02 14:42:15,386.27,386.89,386.15,386.68,121366.0,386.513,644," Let me say again, the question of when to moderate the pace of increases is now much less important than the question of how high to raise rates and how long to keep monetary policy restricted, which really will be our principal focus.",0.10614337121703085
2022-11-02 14:42:20,386.64,387.0,386.15,386.89,173422.0,386.613,986,,0.06465963169873784
2022-11-02 14:42:25,386.84,386.84,386.3,386.41,61439.0,386.515,366,,-0.11115706752144298
2022-11-02 14:42:30,386.44,386.62,385.91,386.01,70106.0,386.333,469," If I could follow up on that, to what degree was there an importance or weight given to a need to signal this possibility now given all the concerns really around the globe about fed policy sort of driving ahead.",-0.11127212503881763
2022-11-02 14:42:35,385.95,386.0,385.67,385.9,67820.0,385.837,370,,-0.012955045990416213
2022-11-02 14:42:40,385.91,386.4,385.87,386.32,46822.0,386.203,262,,0.1062423881215745
2022-11-02 14:42:45,386.31,386.54,386.22,386.44,52973.0,386.413,230," And everybody else, you know, dealing with their own stress as a result.",0.03365173047552366
2022-11-02 14:42:50,386.42,386.81,386.16,386.67,107172.0,386.517,550," Well, I think I'm pleased that we have moved as fast as we have.",0.06469644428342218
2022-11-02 14:42:55,386.69,386.72,385.86,386.03,84661.0,386.241,440, I think there's very difficult to make a case that our current level is too tight given that inflation still runs well above the federal funds rate.,-0.1706793555561367
2022-11-02 14:43:00,385.99,386.27,385.91,386.15,27148.0,386.079,184,,0.041451851084216736
2022-11-02 14:43:05,386.11,386.6,386.11,386.14,35830.0,386.379,224," So I think that at this meeting, the last two meetings, as I've mentioned, I've said that we that they would come a point and this was a meeting at which we had a discussion about what that might mean.",0.007769806531810291
2022-11-02 14:43:10,386.19,386.3,385.94,386.12,36894.0,386.085,176,,-0.018125793003442133
2022-11-02 14:43:15,386.14,386.63,386.06,386.56,39291.0,386.291,177," And we did discuss this and as I mentioned, we'll discuss it again in December.",0.10876884031698761
2022-11-02 14:43:20,386.44,386.72,386.29,386.38,40879.0,386.58,197," But there's no, I don't have any sense that we've over tightened or moved too fast.",-0.015526343028672568
2022-11-02 14:43:25,386.3,386.39,386.04,386.39,39297.0,386.242,237, I think it's been good in a successful program.,0.023297954957280608
2022-11-02 14:43:30,386.36,386.49,386.27,386.43,17069.0,386.412,124, Remember though that that we still think there's a need for ongoing rate increases.,0.018117817579457806
2022-11-02 14:43:35,386.4,386.4,385.91,386.19,41180.0,386.091,214, And we have some ground left to cover here and cover it we will.,-0.05434782608695123
2022-11-02 14:43:40,386.22,386.35,385.89,385.96,48525.0,386.113,339, Okay.,-0.06731914452903727
2022-11-02 14:43:45,385.92,385.93,385.36,385.39,83388.0,385.595,510, Nick.,-0.13733416252073735
2022-11-02 14:43:50,385.32,385.64,385.09,385.53,59909.0,385.292,369," Chair Powell, core BCE inflation on a three or six month annualized basis and on a 12 month basis has been running in the high for close to 5%.",0.05450015571472531
2022-11-02 14:43:55,385.51,386.05,385.43,386.0,30081.0,385.775,202,,0.12710435526964517
2022-11-02 14:44:00,385.99,386.06,385.51,385.87,56533.0,385.737,394, Is there any reason to think you won't have to raise rates at least above that level to be confident that you are imparting enough restraint to bring inflation down?,-0.031088888313169912
2022-11-02 14:44:05,385.86,385.87,385.07,385.08,73029.0,385.44,486,,-0.20214585600995946
2022-11-02 14:44:10,385.07,385.36,385.07,385.3,32440.0,385.22,204, So this is the question of does the policy rate need to get above the inflation rate?,0.05972939984938276
2022-11-02 14:44:15,385.25,385.25,384.62,384.91,63972.0,384.857,383,,-0.0882543802725438
2022-11-02 14:44:20,384.86,385.18,384.75,385.18,60552.0,384.903,319, That's the classic Taylor principle view.,0.08314711843267504
2022-11-02 14:44:25,385.16,385.34,385.06,385.31,17652.0,385.2,107, But I would think you'd look more at a forward looking measure of inflation to look at that.,0.03894485408660745
2022-11-02 14:44:30,385.33,385.37,385.1,385.32,22824.0,385.279,137, But I think the answer is we'll want to get the policy rate to a level where it is where the real interest rate is positive.,-0.002595178158978254
2022-11-02 14:44:35,385.32,385.37,385.18,385.19,11669.0,385.299,74,,-0.033738191632927295
2022-11-02 14:44:40,385.19,385.19,384.94,385.01,28511.0,385.053,170, We will want to do that.,-0.04673018510345721
2022-11-02 14:44:45,385.07,385.11,384.9,385.02,12314.0,384.988,75, I think you put some weight on that.,-0.01298465214117209
2022-11-02 14:44:50,385.0,385.2,384.95,385.18,12418.0,385.073,64, Very few people borrow at the short end of the federal funds rate for example.,0.046753246753248524
2022-11-02 14:44:55,385.14,385.16,384.87,384.98,21684.0,385.013,139," So households and businesses, if they're very, you know, meaningfully positive interest rates all across the curve for them.",-0.04154333489120013
2022-11-02 14:45:00,384.91,385.18,384.58,385.1,46987.0,384.762,268,,0.049362188563559714
2022-11-02 14:45:05,385.02,385.13,384.76,384.81,51584.0,384.934,278, And I think financial conditions have tightened quite a bit.,-0.054542621162531696
2022-11-02 14:45:10,384.81,385.16,384.81,384.97,23757.0,384.971,156, So I would look at that as an important feature.,0.04157896104571737
2022-11-02 14:45:15,384.99,385.12,384.8,385.03,41208.0,384.972,244," I'd put some weight on it, but I wouldn't say it's something that is the single dominant thing to look at.",0.010389880256620593
2022-11-02 14:45:20,385.05,385.1,384.69,384.7,23949.0,384.872,156, What is your best assessment or the staff's best assessment right now of the current rate of underlying inflation?,-0.09089728606675047
2022-11-02 14:45:25,384.75,384.92,384.6,384.87,19442.0,384.807,79,,0.031189083820663953
2022-11-02 14:45:30,384.84,384.98,384.8,384.88,36483.0,384.877,146," There are many, many models that look at that.",0.01039392994491749
2022-11-02 14:45:35,384.9,384.9,384.48,384.75,45981.0,384.612,273," And I mean, one way to look at it is that it's a pretty stationary object.",-0.03897116134060205
2022-11-02 14:45:40,384.73,385.22,384.73,385.19,29298.0,385.014,202," And that when inflation runs above that level for sure substantially, above for some time, you'll see it move up.",0.11956436981778898
2022-11-02 14:45:45,385.23,385.41,385.21,385.28,33424.0,385.334,151, But the movement will be fairly gradual.,0.012979259143876262
2022-11-02 14:45:50,385.26,385.26,384.98,385.01,23412.0,385.088,178, But I wouldn't want to land on any one assessment.,-0.06489124227794217
2022-11-02 14:45:55,385.13,385.37,385.13,385.24,14142.0,385.274,82," There are many different, as you know, many different people publish an assessment of underlying inflation.",0.028561784332566575
2022-11-02 14:46:00,385.2,385.37,385.01,385.3,24283.0,385.196,157, I had your pal.,0.02596053997923747
2022-11-02 14:46:05,385.34,385.76,385.29,385.45,65946.0,385.559,348," Gina, smile at New York Times.",0.028546218923551577
2022-11-02 14:46:10,385.42,385.57,385.33,385.37,16995.0,385.423,92," I wonder, do you see any evidence at this stage that inflation is or is it risk of becoming entrenched?",-0.012972860775261108
2022-11-02 14:46:15,385.37,385.37,384.76,384.83,30078.0,385.02,179, His inflation becoming entrenched.,-0.140125074603633
2022-11-02 14:46:20,384.84,385.0,384.5,384.58,39497.0,384.671,193, So I guess I would start by pointing to expectations.,-0.06756054464192676
2022-11-02 14:46:25,384.63,384.89,384.49,384.71,19840.0,384.703,103," So if we saw longer term expectations moving up, that would be very troubling.",0.020799209630029923
2022-11-02 14:46:30,384.66,384.78,384.16,384.38,57451.0,384.396,357, And they were moving up a little bit at the middle part of this year and they've moved now back down.,-0.07279155617949086
2022-11-02 14:46:35,384.36,384.36,383.89,384.06,42984.0,384.033,253, Short term inflation expectation that moved up between the last meeting and this meeting.,-0.07805182641274101
2022-11-02 14:46:40,384.03,384.2,383.88,384.18,19933.0,384.1,123," And we don't think those are as indicative, but they may be important in the wage setting process.",0.03905944848059634
2022-11-02 14:46:45,384.18,384.27,383.76,383.78,45234.0,384.012,226, There's a school of thought that believes that.,-0.10411786141913532
2022-11-02 14:46:50,383.77,383.94,383.55,383.83,41594.0,383.748,229, So that's very concerning.,0.015634364332804095
2022-11-02 14:46:55,383.8,384.26,383.67,384.25,29869.0,383.964,192," I guess the other thing I would say is that the longer we have, we're now 18 months into this episode of high inflation.",0.11724856696195637
2022-11-02 14:47:00,384.23,384.46,384.0,384.17,38608.0,384.223,237, And we don't have a clearly identified scientific way of understanding at what point inflation becomes entrenched.,-0.015615646878172521
2022-11-02 14:47:05,384.27,384.3,383.93,384.05,16307.0,384.055,126,,-0.05725141176775977
2022-11-02 14:47:10,384.14,384.16,383.8,384.05,20194.0,383.942,126," And so the thing we need to do from a risk management standpoint is to use our tools forcefully, but",-0.023428958192319205
2022-11-02 14:47:15,384.05,384.38,384.05,384.07,40848.0,384.21,202," thoughtfully, and get inflation under control, get it down to 2% get it behind us.",0.0052076552532175
2022-11-02 14:47:20,384.11,384.41,384.09,384.17,25801.0,384.292,126, That's what we really need to do and what we're strongly committed to doing.,0.015620525370337214
2022-11-02 14:47:25,384.21,384.34,383.83,383.94,23618.0,384.068,166, Rachel.,-0.07027406886858277
2022-11-02 14:47:30,383.92,384.18,383.83,384.13,13736.0,383.991,90, Thank you for taking your questions.,0.05469889560324535
2022-11-02 14:47:35,384.18,384.21,383.71,383.95,30091.0,383.891,170, I'm wondering if you can walk us through how you judge those lag effects.,-0.05986777031600244
2022-11-02 14:47:40,384.06,384.28,383.96,384.23,29491.0,384.061,145, What that timeline looks like over the coming months or even a year and where you would expect it to show up in different parts of the economy.,0.04426391709629118
2022-11-02 14:47:45,384.18,384.2,383.79,383.81,15495.0,384.023,94,,-0.09630902181269314
2022-11-02 14:47:50,383.84,383.93,383.62,383.76,28932.0,383.772,174," I mean, the way I would think about that is it's, you know, it's a commonly for a long time thought that monetary policy works with long and variable legs.",-0.02084201750729056
2022-11-02 14:47:55,383.76,383.85,383.6,383.65,40029.0,383.737,239,,-0.028663748175946854
2022-11-02 14:48:00,383.69,384.03,383.63,383.91,26005.0,383.824,202, And that it works first on financial conditions and then on economic activity and then perhaps later than that even on inflation.,0.057337955120025874
2022-11-02 14:48:05,383.95,383.96,383.56,383.73,34881.0,383.712,260,,-0.05729912749055097
2022-11-02 14:48:10,383.89,384.49,383.87,384.33,66608.0,384.219,407, There was an old literature that made those lags out to be fairly long.,0.11461616608924373
2022-11-02 14:48:15,384.32,384.36,383.8,383.86,17249.0,384.078,106, There's newer literature that says that they're shorter.,-0.11969192339716371
2022-11-02 14:48:20,383.88,383.91,383.61,383.61,27118.0,383.748,120," And, you know, the truth is we don't have a lot of data of inflation of this high in what is now the minor economy.",-0.07033447952484678
2022-11-02 14:48:25,383.6,383.88,383.49,383.88,26076.0,383.64,164, One big difference now is that it used to be that you would raise the federal funds rate.,0.0729927007299199
2022-11-02 14:48:30,383.81,383.93,383.63,383.82,15792.0,383.788,102, Financial conditions would react and then that would affect economic activity inflation.,0.0026054558244941258
2022-11-02 14:48:35,383.8,383.85,383.54,383.83,18016.0,383.654,124, Now financial conditions react well before in expectation of monetary policy.,0.007816571130790182
2022-11-02 14:48:40,383.85,383.9,383.69,383.81,15233.0,383.823,98, That's the way it is moved for a quarter of a century is in the direction of financial conditions than monetary policy because the markets are thinking what is the central bank can do.,-0.010420737267166982
2022-11-02 14:48:45,383.86,384.11,383.76,383.79,51664.0,383.94,321,,-0.018235815140935023
2022-11-02 14:48:50,383.73,383.91,383.67,383.87,60180.0,383.718,305,,0.03648398613608171
2022-11-02 14:48:55,383.88,383.91,383.76,383.81,19804.0,383.843,126," And, you know, they're playing with economists that also think that once financial conditions change that the effects on the economy are actually faster than they would have been before.",-0.018234865061996765
2022-11-02 14:49:00,383.82,383.91,383.7,383.84,21057.0,383.777,136,,0.0052107758845244675
2022-11-02 14:49:05,383.8,384.42,383.8,384.41,43954.0,384.154,290, I guess the thing I would say is highly uncertain.,0.15893694632621513
2022-11-02 14:49:10,384.48,384.53,383.98,383.98,53613.0,384.29,338," And so from risk management standpoint, we do need, it would be irresponsible not to ignore them.",-0.13004577611319185
2022-11-02 14:49:15,384.01,384.05,383.76,383.76,47281.0,383.908,285, But you want to consider them but not take them literally.,-0.06510247128981016
2022-11-02 14:49:20,383.7,383.96,383.59,383.82,54782.0,383.677,299," So I think it's a very difficult place to be, but I would tend to be, want to be in the middle looking carefully at what's actually happening with the economy.",0.031274433150900324
2022-11-02 14:49:25,383.77,383.81,383.55,383.62,54130.0,383.642,272, And trying to make good decisions from a risk management standpoint.,-0.03908591083200283
2022-11-02 14:49:30,383.62,383.82,383.18,383.18,95473.0,383.545,469," Remembering of course that if we were to over tighten, we could then use our tools strongly to support the economy.",-0.11469683541004058
2022-11-02 14:49:35,383.18,383.34,383.06,383.34,91396.0,383.198,544,,0.04175583276788146
2022-11-02 14:49:40,383.34,383.75,383.19,383.72,38952.0,383.566,261," Whereas if we don't get inflation under control because we don't tighten enough, now we're in a situation where inflation will become entrenched.",0.09912871080504312
2022-11-02 14:49:45,383.65,383.82,383.46,383.74,42516.0,383.62,234," And the cost, the employment costs in particular will be much higher potentially.",0.023458881793309485
2022-11-02 14:49:50,383.76,383.95,383.61,383.84,33951.0,383.79,231," So from risk management standpoint, we want to be sure that we don't make the mistake of either failing to tighten enough or loosening policy too soon.",0.020846362309772798
2022-11-02 14:49:55,383.83,383.91,383.35,383.45,18971.0,383.538,129,,-0.09900216241565157
2022-11-02 14:50:00,383.38,383.49,383.28,383.49,25341.0,383.392,194," And if I could follow up, should we interpret the addition to the statement to mean that more weight is put into those lag effects and they would have been after previous rate hike?",0.028692159215403423
2022-11-02 14:50:05,383.49,383.79,383.47,383.72,28253.0,383.673,187,,0.059975488278708224
2022-11-02 14:50:10,383.76,383.86,383.22,383.22,40463.0,383.585,226," I think as we move now into restrictive territory, as we make these ongoing rate hikes and policy becomes more restrictive, it'll be appropriate now to be thinking more about lag.",-0.1407129455909849
2022-11-02 14:50:15,383.29,383.32,382.82,382.96,125080.0,383.024,732,,-0.0860966891909627
2022-11-02 14:50:20,382.96,383.02,382.57,382.69,114408.0,382.785,601,,-0.07050344683517386
2022-11-02 14:50:25,382.71,382.88,382.61,382.75,58672.0,382.733,336," Of course, we think about the lags are just sort of a basic part of monetary policy, but we will be thinking about them.",0.0104517781087561
2022-11-02 14:50:30,382.72,382.85,382.33,382.33,70204.0,382.551,364," But we won't be, I think we'll be considering them, but because it's appropriate to do so.",-0.10190217391305476
2022-11-02 14:50:35,382.31,382.55,382.06,382.06,81844.0,382.289,514,,-0.0653919594046716
2022-11-02 14:50:40,382.14,382.58,382.08,382.37,107980.0,382.346,557," Let me say this, it is very premature to be thinking about pausing.",0.060187365886852515
2022-11-02 14:50:45,382.37,382.42,381.78,381.96,90532.0,382.145,483, It's very premature in my view to think about or be talking about pausing our rate hike.,-0.10722598530220075
2022-11-02 14:50:50,381.95,382.22,381.86,382.07,73342.0,381.997,425, We have a ways to go.,0.031417724833094525
2022-11-02 14:50:55,382.06,382.21,381.75,381.93,85261.0,381.97,465," Our policy, we need ongoing rate hikes to get to that level of sufficiently restrictive.",-0.03402606920378879
2022-11-02 14:51:00,381.99,381.99,381.51,381.84,86485.0,381.677,488," And of course, we don't really know exactly where that is.",-0.039268043666073484
2022-11-02 14:51:05,381.84,381.84,381.4,381.79,45094.0,381.642,261," We have a sense and we'll write down and sit, sorry, in the December meeting a new summary of economic projections, which updates that.",-0.013094489838663976
2022-11-02 14:51:10,381.74,381.77,381.01,381.16,151803.0,381.284,754, But I would expect us to continue updated based on what we're seeing with incoming data.,-0.15193587258342958
2022-11-02 14:51:15,381.14,381.16,380.83,380.9,139361.0,381.015,657," Thanks, Neil.",-0.06296898777352393
2022-11-02 14:51:20,380.83,381.2,380.75,381.06,136827.0,380.92,691," As you look around the economy, the clearest impact of their tightening so far has been on housing, maybe some venture fund attack companies.",0.0603944017015514
2022-11-02 14:51:25,381.06,381.12,380.68,381.03,84519.0,380.95,400,,-0.007872775940804483
2022-11-02 14:51:30,381.03,381.03,380.57,380.62,115015.0,380.736,433," It's been relatively narrow in terms of labor market, consumer demand, a lot of sectors.",-0.10760307587328248
2022-11-02 14:51:35,380.62,380.66,380.22,380.33,128439.0,380.446,660, Is the pathway and channels through which monetary policy works changing?,-0.07619147706374349
2022-11-02 14:51:40,380.33,380.62,380.21,380.34,145506.0,380.427,745," And on housing in particular, are you at all worried that you're crimping housing supply in ways that might cause problems down the road?",0.002629295611703233
2022-11-02 14:51:45,380.33,380.46,380.1,380.16,131197.0,380.281,663,,-0.04469802539898485
2022-11-02 14:51:50,380.16,380.3,379.93,380.0,178434.0,380.091,794," I would say a big channel is the labor market and the labor market is very, very strong.",-0.04208754208754866
2022-11-02 14:51:55,380.02,380.23,379.8,379.94,93053.0,380.027,435," And household, of course, have strong balance sheets.",-0.021051523604016655
2022-11-02 14:52:00,379.93,380.17,379.78,380.12,86578.0,379.967,383, So we go into this with a strong labor market and excess demand in the labor market.,0.05000921222330369
2022-11-02 14:52:05,380.08,380.08,379.84,379.94,52466.0,379.937,253, As you can see through many different things.,-0.03683435066301473
2022-11-02 14:52:10,379.99,380.55,379.99,380.51,75752.0,380.329,410, And also with households who have strong spending power built up.,0.13684570646595484
2022-11-02 14:52:15,380.56,380.59,380.17,380.24,79416.0,380.363,450, It's likely to get inflation down.,-0.08408660920748191
2022-11-02 14:52:20,380.26,380.39,379.97,380.05,63302.0,380.155,303," It may, I think you see from our forecast and others that it will take some time for inflation to come down.",-0.055225372113811476
2022-11-02 14:52:25,380.06,380.24,380.0,380.17,38279.0,380.129,236," It'll take time, we think.",0.028942798505502722
2022-11-02 14:52:30,380.24,380.54,380.2,380.44,62433.0,380.392,300," Housing, the housing part of it.",0.05259835893119836
2022-11-02 14:52:35,380.45,380.55,380.3,380.5,51438.0,380.445,227," Of course, housing is significantly affected by these higher rates, which are really back where they were before the global financial crisis.",0.013142331449602149
2022-11-02 14:52:40,380.47,380.54,380.2,380.46,44052.0,380.394,228,,-0.002628328120495111
2022-11-02 14:52:45,380.53,380.7,380.13,380.24,79563.0,380.463,415, And you're seeing housing activity decline.,-0.07620949728009976
2022-11-02 14:52:50,380.26,380.53,380.23,380.48,68394.0,380.343,281, And in some parts of the country declining.,0.05785515173829151
2022-11-02 14:52:55,380.45,380.45,379.91,380.0,84882.0,380.137,420, I would say housing market was very overheated for a couple of years after the pandemic.,-0.11828098304638944
2022-11-02 14:53:00,380.0,380.17,379.76,380.0,103401.0,379.901,553, As demand increased in rates were low.,0.0
2022-11-02 14:53:05,379.97,380.01,379.55,379.85,107094.0,379.715,691, We all know the stories of how overheated the housing market was.,-0.03158144064005172
2022-11-02 14:53:10,379.84,380.0,379.73,379.88,53801.0,379.872,307," Many, many bitters.",0.010530749789390392
2022-11-02 14:53:15,379.88,379.88,379.25,379.39,118016.0,379.549,805," So, the housing market needs to get back into a balance between supply and demand.",-0.12898810150574105
2022-11-02 14:53:20,379.4,379.4,379.17,379.25,85151.0,379.255,434," From a financial stability standpoint, we didn't see in this cycle the kinds of poor credit underwriting that we saw before the global financial crisis.",-0.03953610964680476
2022-11-02 14:53:25,379.25,379.34,378.96,379.27,131442.0,379.164,576,,0.005273566249171209
2022-11-02 14:53:30,379.26,379.53,379.25,379.33,129973.0,379.379,663," Housing credit was very carefully, much more carefully managed by the lenders.",0.01845699520117945
2022-11-02 14:53:35,379.32,379.32,379.08,379.2,60010.0,379.166,378," So, it's a very different situation and doesn't present potential financial, doesn't appear to present financial stability issues.",-0.031635558367606384
2022-11-02 14:53:40,379.21,379.47,379.21,379.31,39169.0,379.329,250,,0.026370612589336446
2022-11-02 14:53:45,379.28,379.54,379.23,379.52,86792.0,379.426,436," But, no, we do understand that that's really where a very big effect of our policies is.",0.06327778949588934
2022-11-02 14:53:50,379.51,379.52,379.14,379.25,37290.0,379.285,228, Victoria.,-0.06850939369186344
2022-11-02 14:53:55,379.23,379.52,379.23,379.39,44331.0,379.408,235, I wanted to ask about the labor market.,0.042190754950813
2022-11-02 14:54:00,379.37,379.39,379.09,379.2,64275.0,379.201,299, You mentioned early on again that job openings are very high compared to available workers.,-0.04481113424889051
2022-11-02 14:54:05,379.18,379.8,379.0,379.78,83397.0,379.374,541, And I'm just curious to what extent you do and don't draw a signal from that.,0.1582361938920739
2022-11-02 14:54:10,379.76,380.02,379.62,379.89,96126.0,379.871,459," So, for example, if wage growth is slowing and if maybe the unemployment rate starts to take up,",0.034232146618916014
2022-11-02 14:54:15,379.89,379.9,379.48,379.71,66385.0,379.685,334,,-0.04738213693437754
2022-11-02 14:54:20,379.71,383.79,379.66,379.89,90171.0,380.016,446, What do you see?,0.047404598246031666
2022-11-02 14:54:25,379.9,379.91,379.6,379.78,65589.0,379.758,362, How are you thinking about the labor market as it relates to inflation?,-0.0315872598052131
2022-11-02 14:54:30,379.78,380.01,379.78,379.97,53932.0,379.875,249," So, we talk a lot about vacancies and the vacancy to unemployed rate, but it's just one.",0.0500289641371464
2022-11-02 14:54:35,379.88,380.15,379.84,379.95,68285.0,380.03,359," It's been, you know, unusually important in this cycle because it's been so out of line, but so has quits, so have wages.",0.018426871643675156
2022-11-02 14:54:40,380.0,380.05,379.76,380.02,57382.0,379.933,294," So we look at, you know, very wide range of data on the on the labor market.",0.005263157894732055
2022-11-02 14:54:45,379.97,380.03,379.81,379.98,45691.0,379.923,228," So, you know, I'd start with unemployment, which is typically the single statistic you would look to",0.002631786720001817
2022-11-02 14:54:50,379.97,380.09,379.7,379.79,70089.0,379.952,302," is at a 50-year low, 3.5%.",-0.04737216096007758
2022-11-02 14:54:55,379.75,380.11,379.66,380.09,92093.0,379.837,384, We're getting really nothing in labor supply now.,0.08953258722843317
2022-11-02 14:55:00,380.1,380.2,379.82,380.07,82016.0,380.028,378, back most analysts thought we would get some labor supply coming in.,-0.00789265982636926
2022-11-02 14:55:05,380.06,380.58,379.95,380.5,87583.0,380.265,385, So I guess I would characterize that as sort of a mixed picture.,0.11577119402199593
2022-11-02 14:55:10,380.51,380.66,380.15,380.31,89059.0,380.377,465," It's true with average hourly earnings, you see.",-0.05256103650363687
2022-11-02 14:55:15,380.35,380.6,380.21,380.53,21912.0,380.387,155," So I would call it a flattening out at a level that's well above the level that would be consistent over time with 2% inflation, you know, assuming a reasonable productivity.",0.047324832391205454
2022-11-02 14:55:20,380.48,380.56,380.31,380.35,47352.0,380.458,182,,-0.03416736753574312
2022-11-02 14:55:25,380.41,380.54,380.39,380.46,22300.0,380.477,87, The headline number was a disappointment.,0.013143713361887048
2022-11-02 14:55:30,380.45,380.5,380.0,380.01,64704.0,380.244,349," There's some rays of light inside that, you know, that if you look at private sector workers, that did come down.",-0.11565251675647199
2022-11-02 14:55:35,380.04,380.1,380.0,380.01,23563.0,380.033,144,,-0.007893905904649395
2022-11-02 14:55:40,380.02,380.18,379.8,379.8,86591.0,379.965,435," But overall though, the broader picture is of an overheated labor market where demand substantially exceeds supply.",-0.05789168991104953
2022-11-02 14:55:45,379.8,379.84,379.54,379.8,57519.0,379.732,283,,0.0
2022-11-02 14:55:50,379.75,379.91,379.62,379.86,61578.0,379.775,284," Job creation still exceeds, you know, the sort of the level that would hold the market where it is.",0.028966425279792925
2022-11-02 14:55:55,379.88,380.11,379.88,380.1,44428.0,379.976,157, So that's a picture.,0.05791302516584902
2022-11-02 14:56:00,380.05,380.08,379.77,379.77,38022.0,379.877,116," Do we see, you know, we keep looking for signs that sort of the beginning of a gradual softening is happening.",-0.07367451651099317
2022-11-02 14:56:05,379.81,379.81,379.6,379.71,72429.0,379.717,224," You know, maybe that's there, but it's not obvious to me because wages aren't coming down.",-0.026328953950665528
2022-11-02 14:56:10,379.69,380.02,379.68,379.88,59620.0,379.849,259," They're just moving sideways at an elevated level, both ECI and average hourly earnings.",0.050040822776474946
2022-11-02 14:56:15,379.87,379.9,379.66,379.69,17605.0,379.792,84," We would love to see vacancies coming down, quits coming down.",-0.04738463158449123
2022-11-02 14:56:20,379.65,379.95,379.63,379.95,25427.0,379.804,79, They are coming down.,0.07902015013828827
2022-11-02 14:56:25,379.97,380.15,379.81,379.96,43909.0,379.971,238," Vacancies are below their all time high, but not by as much as we thought, because the data series is volatile.",-0.002631786720016777
2022-11-02 14:56:30,379.95,380.0,379.72,379.78,27612.0,379.869,168, We always look at two or three.,-0.04474272930649189
2022-11-02 14:56:35,379.78,380.06,379.63,379.99,53997.0,379.803,304," I don't see the case for real softening just yet, but we look at, I guess I just showed you.",0.055295170888418656
2022-11-02 14:56:40,379.98,380.13,379.92,379.96,40333.0,380.02,217,,-0.005263434917637416
2022-11-02 14:56:45,379.98,380.16,379.97,380.09,35433.0,380.064,178, So do you see wages as being a significant driver of inflation?,0.02894889204693847
2022-11-02 14:56:50,380.09,380.13,379.98,380.13,20125.0,380.062,139," You know, I think wages have an effect on inflation.",0.010523823305012094
2022-11-02 14:56:55,380.09,380.12,379.86,380.11,31022.0,379.982,196, I think that's always been the case.,0.005261911652513524
2022-11-02 14:57:00,380.09,380.11,379.78,379.82,35729.0,379.949,190," The question is, is that really elevated right now?",-0.0710358073087905
2022-11-02 14:57:05,379.8,379.81,379.57,379.81,23503.0,379.7,173, I don't think wages are the principal story of why prices are going up.,0.0026329647182703805
2022-11-02 14:57:10,379.8,379.92,379.63,379.89,17686.0,379.755,123, I also don't think that we see a wage price spiral.,0.02369668246444839
2022-11-02 14:57:15,379.9,380.15,379.85,380.14,54257.0,379.969,260," But again, it's not something you can, you know, once you see it, you're in trouble.",0.0631745196104262
2022-11-02 14:57:20,380.12,380.18,380.04,380.05,23178.0,380.118,157, We want wages to go up.,-0.01841523729348447
2022-11-02 14:57:25,380.06,380.14,379.99,380.0,41010.0,380.036,249, We just want them to go up at a level that's sustainable and consistent with 2% inflation.,-0.015786981003000123
2022-11-02 14:57:30,380.02,380.06,379.82,380.04,30194.0,379.907,119," And you know, we think we can, we do think that given the data that we have, that this",0.005262880901015382
2022-11-02 14:57:35,380.04,380.14,380.02,380.06,37415.0,380.061,142, labor market can soften without having to soften as much as history would indicate through,0.005262603936422958
2022-11-02 14:57:40,380.06,380.08,379.89,379.97,34422.0,379.989,134, It can soften through job openings declining.,-0.02368047150449271
2022-11-02 14:57:45,379.99,379.99,379.69,379.75,40298.0,379.798,260," We think there's room for that, but you know, we won't know that.",-0.0631595568304453
2022-11-02 14:57:50,379.78,379.86,379.67,379.86,31589.0,379.763,195, That'll be discovered empirically.,0.021064827005118997
2022-11-02 14:57:55,379.79,380.03,379.78,379.99,14253.0,379.953,90," Thank you so much, Kayla Towshey from CNBC.",0.05266068090260108
2022-11-02 14:58:00,379.99,380.19,379.89,380.1,27606.0,380.069,176," Earlier last month, the United Nations warned that there could be a global recession if central",0.028948130213956588
2022-11-02 14:58:05,380.07,380.39,380.07,380.38,38573.0,380.243,228, The new UK Prime Minister warned of a profound economic crisis there.,0.08156392243534145
2022-11-02 14:58:10,380.4,380.6,380.31,380.4,46094.0,380.443,267, And I'm wondering how the Fed is weighing international developments in light of a very,0.0
2022-11-02 14:58:15,380.42,380.47,380.15,380.17,30191.0,380.286,189, strong economy here in the U.S. that would seem to be bucking those trends.,-0.06571683928289786
2022-11-02 14:58:20,380.19,380.26,379.92,380.24,39283.0,380.074,210," So of course, we keep close tabs on economic developments and also geopolitical developments",0.013151319077306444
2022-11-02 14:58:25,380.2,380.44,380.14,380.43,29259.0,380.293,173,,0.06049447659127254
2022-11-02 14:58:30,380.47,380.56,380.26,380.38,36793.0,380.447,212, that are relevant to the economy abroad.,-0.023654953084351414
2022-11-02 14:58:35,380.38,380.5,380.32,380.48,32616.0,380.442,105," We're in very frequent contact with our foreign counterparts, both, you know, through the",0.02628949997371648
2022-11-02 14:58:40,380.49,380.63,380.39,380.57,53442.0,380.547,284, IMF meetings and the regular meetings with central banks that we have and I have one,0.021025519724561507
2022-11-02 14:58:45,380.56,380.86,380.5,380.81,42424.0,380.723,240," this weekend with many, many central bankers.",0.06569266344334665
2022-11-02 14:58:50,380.82,381.22,380.8,381.14,69836.0,381.011,382," So I guess what it's clear clearly a time, difficult time in the global economy.",0.0840292001470493
2022-11-02 14:58:55,381.16,381.17,380.82,380.88,57338.0,380.939,357, We're seeing very high inflation in Europe significantly because of high energy prices,-0.07345996431945365
2022-11-02 14:59:00,380.88,380.88,380.51,380.77,54814.0,380.668,319,,-0.02888048729258917
2022-11-02 14:59:05,380.74,380.74,380.47,380.58,37959.0,380.639,192, And we're seeing China's having issues with the zero-COVID policy and much slower growth,-0.042023428061150656
2022-11-02 14:59:10,380.57,380.85,380.57,380.78,33933.0,380.723,190,,0.05518038731376081
2022-11-02 14:59:15,380.8,380.82,380.57,380.73,27126.0,380.687,151," So we're seeing, we see those difficulties.",-0.018382352941174677
2022-11-02 14:59:20,380.74,380.81,380.66,380.78,44549.0,380.77,101, But we take all of that into account in our models.,0.010505857015276466
2022-11-02 14:59:25,380.75,380.75,380.56,380.66,10180.0,380.652,76, We think about the spillovers and that sort of thing.,-0.023637557452390018
2022-11-02 14:59:30,380.69,380.76,380.53,380.75,41161.0,380.642,150," Here in the United States, we have a strong economy and we have an economy where inflation",0.01576085528908095
2022-11-02 14:59:35,380.74,380.84,380.69,380.69,36037.0,380.765,144," Core PCE inflation, which is a really good indicator of what's going on for us is the way",-0.013132321269110512
2022-11-02 14:59:40,380.68,380.95,380.63,380.95,55233.0,380.725,162," we see it, is running at 5.1% on a 12-month basis and sort of similar to that on a 36 and",0.07092571188399227
2022-11-02 14:59:45,380.98,381.0,380.8,380.8,37769.0,380.913,133, 9-month basis.,-0.0472465746233416
2022-11-02 14:59:50,380.82,380.94,380.79,380.88,14689.0,380.875,88, The world's not going to be better off if we fail to do that.,0.015755475027572678
2022-11-02 14:59:55,380.89,380.97,380.49,380.49,47954.0,380.807,246, Price stability in the United States is a good thing for the global economy over a long,-0.1050171965659317
2022-11-02 15:00:00,380.52,380.52,380.0,380.35,81631.0,380.211,515,,-0.0446757069273518
2022-11-02 15:00:05,380.36,380.48,380.28,380.35,26252.0,380.359,126," Price stability is the kind of thing that pays dividends for our economy for decades,",-0.0026290882321986816
2022-11-02 15:00:10,380.26,380.44,380.23,380.32,30743.0,380.347,192," hopefully, even though it may be difficult to get it back.",0.015778677746805417
2022-11-02 15:00:15,380.35,380.65,380.35,380.63,82655.0,380.479,459, Getting it back is something that provides value to the people we serve for the long run.,0.07361640594188844
2022-11-02 15:00:20,380.64,380.65,380.52,380.57,8542.0,380.565,50, If I could just follow up on that.,-0.01839007986548791
2022-11-02 15:00:25,380.51,380.56,380.39,380.56,13009.0,380.492,89, The Fed has acknowledged in the past that the tools that you have don't affect things,0.013140259125912952
2022-11-02 15:00:30,380.53,380.74,380.51,380.53,19415.0,380.659,137," like energy and food prices that stem from some of those conflicts overseas, and there's",0.0
2022-11-02 15:00:35,380.56,380.75,380.55,380.6,12375.0,380.671,111, some of the biggest pain points for consumers.,0.01051082615094084
2022-11-02 15:00:40,380.6,380.81,380.55,380.8,25619.0,380.74,149, prices simply don't come down?,0.052548607461899266
2022-11-02 15:00:45,380.8,380.81,380.7,380.74,12365.0,380.729,90," So we don't directly affect, for the most part, food and energy prices, but the demand",-0.015756302521009
2022-11-02 15:00:50,380.77,381.1,380.75,381.0,61958.0,380.984,329, channel does affect them just at the margin.,0.060403918375927255
2022-11-02 15:00:55,380.96,381.29,380.92,381.19,61466.0,381.106,400," The thing about the United States is that we also have strong, in many other jurisdictions,",0.06037379252415429
2022-11-02 15:01:00,381.17,381.23,381.06,381.14,32483.0,381.146,144," In the United States, we also have a demand issue.",-0.007870503974612262
2022-11-02 15:01:05,381.15,381.23,380.98,381.13,38330.0,381.116,248," We've got an imbalance between demand and supply, which you see in many parts of the economy.",-0.00524727797454593
2022-11-02 15:01:10,381.19,381.22,380.84,380.9,45706.0,381.044,283," So our tools are well suited to work on that problem, and that's what we're doing.",-0.07607754663029473
2022-11-02 15:01:15,380.92,380.93,380.63,380.72,38144.0,380.765,208," We don't, you know, the price of oil is set globally, and it's not something we can",-0.05250446287934176
2022-11-02 15:01:20,380.72,380.72,380.42,380.64,59599.0,380.528,297," I think by the actions that we take, though, we help keep longer term inflation expectations",-0.02101281781888026
2022-11-02 15:01:25,380.61,380.75,380.54,380.61,25855.0,380.664,176," anchored, and keep the public believing in 2% inflation by the things that we do even",0.0
2022-11-02 15:01:30,380.61,380.89,380.59,380.86,22471.0,380.771,138," at times, even at times, when energy is part of the story of why inflation is high.",0.0656840335251307
2022-11-02 15:01:35,380.84,380.95,380.73,380.88,10052.0,380.833,66,,0.010503098414037513
2022-11-02 15:01:40,380.9,381.11,380.78,381.06,32181.0,381.011,217," Hi, Chair Powell, Janelle Marty with Bloomberg.",0.04200577579417827
2022-11-02 15:01:45,381.06,381.07,380.8,380.92,24691.0,380.925,135, So the Fed is facing two more ethics-related incidents with the revision of the financial,-0.036739621057047804
2022-11-02 15:01:50,380.94,380.94,380.76,380.78,16484.0,380.811,105, statements from President Bostic and President Bullard speaking out of closed event.,-0.042001365044370506
2022-11-02 15:01:55,380.76,381.03,380.76,380.98,31483.0,380.907,247,,0.05777917848514216
2022-11-02 15:02:00,380.92,381.21,380.89,381.1,35867.0,381.093,242, So some senators like Elizabeth Warren are saying that this is a sign of greater ethics,0.047254016591412054
2022-11-02 15:02:05,381.11,381.11,380.91,381.03,15315.0,381.02,124, Could you talk about what this does to the public's trust in the bank and what the Fed is doing,-0.020991314843494247
2022-11-02 15:02:10,381.05,381.05,380.75,380.77,21513.0,380.888,128, to prevent this kind of behavior from becoming common?,-0.07348117045007992
2022-11-02 15:02:15,380.76,380.97,380.72,380.85,41119.0,380.818,232, Sure.,0.02363693665301813
2022-11-02 15:02:20,380.8,380.92,380.78,380.92,22051.0,380.893,127, The public's trust is really the Fed's and any central bank's most important asset.,0.031512605042018
2022-11-02 15:02:25,380.83,381.0,380.71,380.75,23951.0,380.859,147," And anytime one of us, one of the policy makers, violates or fall short of those rules, we",-0.021006748417925082
2022-11-02 15:02:30,380.79,380.97,380.75,380.82,15400.0,380.879,103," do risk undermining that trust, and we take that very seriously we do.",0.00787835815015434
2022-11-02 15:02:35,380.8,380.88,380.76,380.76,14199.0,380.823,80," So at the beginning of our meeting yesterday, actually, we had a committee discussion of",-0.010504201680677644
2022-11-02 15:02:40,380.75,380.93,380.65,380.93,21280.0,380.779,129, the full committee on the importance of holding ourselves individually and collectively accountable,0.04727511490479496
2022-11-02 15:02:45,380.94,381.1,380.92,381.09,29613.0,381.015,159, for knowing and following the high standard that's set out in our existing rules with respect,0.03937627972908523
2022-11-02 15:02:50,381.06,381.22,380.94,381.15,47385.0,381.111,275, to both personal investment activities and external communications.,0.02361832782238361
2022-11-02 15:02:55,381.17,381.24,381.0,381.01,37255.0,381.09,196, And we've taken a number of steps and I would just say we do understand how important,-0.04197602119789726
2022-11-02 15:03:00,380.99,381.06,380.75,380.86,21617.0,380.894,129, I would say that our new investment program that we have is up now and running and actually,-0.03412163048898802
2022-11-02 15:03:05,380.84,381.15,380.81,381.15,23933.0,380.97,171,,0.08139901270874968
2022-11-02 15:03:10,381.13,381.16,381.08,381.11,10029.0,381.129,65," was through that, that the problems with President Bussick's disclosures were discovered when",-0.005247553328255926
2022-11-02 15:03:15,381.1,381.2,381.02,381.02,22970.0,381.117,139, he filed his new disclosures.,-0.020991865652070566
2022-11-02 15:03:20,381.03,381.1,380.61,380.65,53840.0,380.795,262, We now have a central group here at the Board of Governors that looks into disclosures and,-0.09972968007768297
2022-11-02 15:03:25,380.64,380.74,380.54,380.55,43277.0,380.639,226, And he traded anyone who's covered has to be approved pre-approved.,-0.02364438839848019
2022-11-02 15:03:30,380.56,380.99,380.51,380.9,56342.0,380.784,352, It has to be pre-approved 45 days before it happens.,0.08934202228294487
2022-11-02 15:03:35,380.91,380.97,380.79,380.79,32907.0,380.903,202, So it's a really good system.,-0.031503504764906286
2022-11-02 15:03:40,380.76,380.89,380.7,380.72,4991.0,380.76,43," And I think we all said to each other yesterday, actually yesterday morning, we recommitted",-0.0105053051791059
2022-11-02 15:03:45,380.73,380.96,380.72,380.94,22848.0,380.83,129, to each other into this institution to hold ourselves to the highest standards and avoid,0.055157198014335496
2022-11-02 15:03:50,380.94,381.09,380.86,380.95,35740.0,380.976,149, these problems.,0.002625085315270359
2022-11-02 15:03:55,380.96,381.09,380.87,381.05,29037.0,381.015,152, I don't.,0.02362452750945817
2022-11-02 15:04:00,381.07,381.07,380.93,380.93,31431.0,380.973,84," So as you know, I referred the matter concerning President Bussick to the Inspector General",-0.0367386569396663
2022-11-02 15:04:05,380.96,381.03,380.8,380.89,19380.0,380.909,105," and once that happens, I don't discuss it with Inspector General with anybody.",-0.01837463250734806
2022-11-02 15:04:10,380.91,380.95,380.87,380.94,6020.0,380.909,25,,0.00787587619121911
2022-11-02 15:04:15,380.94,381.64,380.92,381.46,150223.0,381.3,589, We don't really have that.,0.13650443639417803
2022-11-02 15:04:20,381.5,381.54,381.4,381.48,64908.0,381.491,284, Michael McKeefer from Bloomberg Television and Radio.,-0.0052424639580555205
2022-11-02 15:04:25,381.46,381.47,381.2,381.26,29931.0,381.282,184," Earlier this year, you touted the three months Bill Yeild out to 18 months as the Yeild curve",-0.05243013684265418
2022-11-02 15:04:30,381.28,381.33,380.79,380.79,22827.0,381.022,184,,-0.1285144775492951
2022-11-02 15:04:35,380.82,380.85,380.51,380.76,77117.0,380.667,461," And you said, quote, if it's inverted, that means the Fed's going to cut, which means",-0.015755475027572678
2022-11-02 15:04:40,380.76,380.81,380.57,380.79,56575.0,380.661,296, the economy is weak.,0.007878978884344353
2022-11-02 15:04:45,380.78,381.02,380.76,380.87,14238.0,380.902,103," So I'm wondering why you are so confident that you have not overtightened, particularly",0.023635695152064665
2022-11-02 15:04:50,380.88,380.94,380.8,380.82,17297.0,380.894,123, given that rates work with a lag.,-0.015752993068683645
2022-11-02 15:04:55,380.78,380.86,380.73,380.81,10131.0,380.783,69," Well, so we do monitor the near-term forward spread.",0.007878565050693198
2022-11-02 15:05:00,380.83,380.9,380.76,380.83,17839.0,380.826,128," We think it just empirically, it dominates the ones that people tend to look at, which",0.0
2022-11-02 15:05:05,380.8,380.89,380.68,380.85,16116.0,380.77,109," is two's, tens and things like that.",0.013130252100843322
2022-11-02 15:05:10,380.81,380.89,380.81,380.89,6148.0,380.859,33," And also, you have to look at why things, you know, why the rate curve is doing what it's",0.021007851684562928
2022-11-02 15:05:15,380.88,381.05,380.86,381.01,48246.0,380.965,177,,0.03413148498214542
2022-11-02 15:05:20,380.97,381.23,380.97,381.22,54135.0,381.128,290, down.,0.06562196498411949
2022-11-02 15:05:25,381.23,381.29,381.11,381.2,28478.0,381.22,206," in inflation, that's going to affect the forward curve.",-0.007869265272940103
2022-11-02 15:05:30,381.18,381.56,381.15,381.51,69109.0,381.407,429, You're right.,0.08657327246969518
2022-11-02 15:05:35,381.51,381.85,381.48,381.77,75773.0,381.726,421, I could follow up.,0.06815024507876356
2022-11-02 15:05:40,381.78,381.78,381.55,381.69,31938.0,381.644,161, You also said several meetings ago that the risk of doing too little outweighed the risk,-0.023573785950017027
2022-11-02 15:05:45,381.7,381.82,381.6,381.62,21129.0,381.69,150, Is what you're trying to tell us today is that risk assessment has changed a little bit?,-0.02095886822111189
2022-11-02 15:05:50,381.61,381.73,381.51,381.51,32815.0,381.595,158," Well, what's happened is time has passed and we've raised interest rates by 375 basis points.",-0.0262047640261059
2022-11-02 15:05:55,381.51,381.6,381.35,381.35,27994.0,381.475,161," I would not change a word in that statement, though.",-0.04193861235615533
2022-11-02 15:06:00,381.32,381.47,381.19,381.25,26813.0,381.358,177," I think until we get inflation down, you'll be hearing that from me.",-0.01835728521976114
2022-11-02 15:06:05,381.22,381.37,381.2,381.37,14651.0,381.275,92," Again, if we overtighten and we don't want to, you know, we want to get this exactly",0.039347358480661364
2022-11-02 15:06:10,381.4,381.4,381.2,381.37,18290.0,381.305,99," But if we overtighten, then we have the ability with our tools, which are powerful too,",-0.007865757734654618
2022-11-02 15:06:15,381.42,381.53,381.32,381.38,23264.0,381.442,104," as we showed at the beginning of the pandemic episode, we can support economic activity strongly",-0.010487127051549593
2022-11-02 15:06:20,381.36,381.48,381.33,381.48,20893.0,381.38,120,,0.03146633102580358
2022-11-02 15:06:25,381.43,381.45,381.26,381.29,17979.0,381.348,128," On the other hand, if you make the mistake in the other direction and you let this drag",-0.036703982382084874
2022-11-02 15:06:30,381.27,381.3,381.16,381.26,17398.0,381.236,124," on, then it's a year or two down the road and you're realizing inflation behaving the way",-0.0026228132294675442
2022-11-02 15:06:35,381.29,381.32,381.15,381.18,22547.0,381.243,128, You have to go back in.,-0.028849432190724552
2022-11-02 15:06:40,381.21,381.21,380.9,381.02,40649.0,380.999,231," By then, the risk really is that it has become entrenched in people's thinking.",-0.049841294824374424
2022-11-02 15:06:45,381.04,381.06,380.76,380.97,34784.0,380.831,258," And, you know, the record is that the employment costs, the cost to the people that we don't",-0.018370774721812193
2022-11-02 15:06:50,381.0,381.0,380.76,380.91,29295.0,380.856,226," want to hurt, you know, they go up with the passage of time.",-0.023622047244087924
2022-11-02 15:06:55,380.93,381.18,380.93,381.11,18116.0,381.097,80, So that isn't going to change.,0.0472527761005977
2022-11-02 15:07:00,381.12,381.18,380.96,381.13,32319.0,381.067,173," And I think as we're farther along, we're now focused on that, you know, what's the",0.002623845507974104
2022-11-02 15:07:05,381.15,381.24,380.96,381.1,16707.0,381.079,109," place, what's the level we need to get to rates.",-0.013118194936364824
2022-11-02 15:07:10,381.15,381.24,381.13,381.13,9128.0,381.178,50," You know, it doesn't, we'll have to see.",-0.00524727797454593
2022-11-02 15:07:15,381.2,381.38,381.17,381.27,57484.0,381.269,242, There's been no decision or discussion around exactly what steps we would take at that,0.018363064008392754
2022-11-02 15:07:20,381.25,381.36,381.19,381.35,14815.0,381.269,98," Thanks, Chris.",0.026229508196727275
2022-11-02 15:07:25,381.33,381.36,381.18,381.19,13229.0,381.28,64," Chris Ruggaver, associated press.",-0.03671360763642681
2022-11-02 15:07:30,381.19,381.26,381.05,381.24,28153.0,381.151,225," Just to go back to housing for a minute, you mentioned the impact that rate increases",0.013116818384535631
2022-11-02 15:07:35,381.29,381.49,381.26,381.46,20929.0,381.363,137, Home sales are down 25% in the past year and so forth.,0.04458548611292168
2022-11-02 15:07:40,381.45,381.46,381.29,381.38,11960.0,381.394,74," And as you know, in the government's inflation measures.",-0.018351028968408227
2022-11-02 15:07:45,381.38,381.38,381.05,381.08,26211.0,381.161,190," And as we go forward, private real-time data is clearly showing these hits to housing.",-0.07866170223923943
2022-11-02 15:07:50,381.07,381.14,381.0,381.03,20153.0,381.061,114, Are you going to need to put a greater weight on that in order to ascertain things like,-0.010496759125625334
2022-11-02 15:07:55,381.08,381.1,381.0,381.1,16986.0,381.044,100, Or will you still focus as much on the more lagging government indicators?,0.005248241838994084
2022-11-02 15:08:00,381.11,381.19,381.03,381.09,9085.0,381.112,79, So this is an interesting subject.,-0.005247828710881019
2022-11-02 15:08:05,381.12,381.23,381.02,381.15,8990.0,381.094,78," So I start by saying, I guess, that the measure that's in the CPI and the PCE, it captures",0.007871536523922312
2022-11-02 15:08:10,381.11,381.33,381.0,381.28,16150.0,381.125,100," rents for all tenants, not just new leases.",0.04460654404239171
2022-11-02 15:08:15,381.28,381.42,381.25,381.4,10056.0,381.319,74," And that makes sense, actually, because for that reason, that conceptually, that's sort",0.031472933277382646
2022-11-02 15:08:20,381.38,381.8,381.37,381.69,66775.0,381.675,355, of the right target for monetary policy.,0.08128375898054493
2022-11-02 15:08:25,381.69,381.72,381.49,381.69,35226.0,381.592,193," And the same thing is true for owners equivalent rent, which comes off of it's a re-weighting",0.0
2022-11-02 15:08:30,381.72,381.81,381.64,381.67,25962.0,381.736,135, of tenant rents.,-0.013098606308291775
2022-11-02 15:08:35,381.68,381.78,381.6,381.77,13826.0,381.669,102," The private measures are, of course, good at picking up the, you know, at the margin,",0.02357996227205381
2022-11-02 15:08:40,381.77,382.03,381.65,382.03,48878.0,381.908,210," And, you know, they tell you a couple things.",0.06810383215024515
2022-11-02 15:08:45,382.03,382.34,382.03,382.17,61544.0,382.21,375," The other thing is, once you, I think right now, if you look at the pattern of that series",0.036646336675141535
2022-11-02 15:08:50,382.18,382.66,382.18,382.65,31837.0,382.385,200, So rents went up much more than the CPI and PCE rents did.,0.12297870113558282
2022-11-02 15:08:55,382.64,382.87,382.58,382.73,73994.0,382.742,402, And now they're coming down faster.,0.023520802843412042
2022-11-02 15:09:00,382.71,382.75,382.39,382.41,68700.0,382.582,392," So what, but what you, the implication is that we, there are still, as people, as, as",-0.07838833581561876
2022-11-02 15:09:05,382.4,382.44,382.25,382.32,32378.0,382.36,205," non-new leases roll over and become, and, and expire, right?",-0.02092050209204605
2022-11-02 15:09:10,382.34,382.85,382.34,382.64,38016.0,382.641,211, There's still some significant rate increases coming.,0.07846419417272883
2022-11-02 15:09:15,382.63,382.65,382.47,382.58,43897.0,382.565,203," But at some point, once you get through that, the new leases are going to tell you that",-0.013067454198576007
2022-11-02 15:09:20,382.58,382.64,382.43,382.59,25789.0,382.551,161," what they're telling you is there will come a point at which, at which rent inflation",0.0026138324010640665
2022-11-02 15:09:25,382.56,382.83,382.52,382.6,26905.0,382.688,175," But that point is, is well out from where we are now.",0.010455876202431113
2022-11-02 15:09:30,382.63,382.81,382.61,382.65,30702.0,382.69,93," So we're well aware of that, of course, and we look at it.",0.00522698167942446
2022-11-02 15:09:35,382.63,382.78,382.6,382.75,47423.0,382.681,205," inflation really is to look at the, at the, at the measure that we do look at, but,",0.03136189007657647
2022-11-02 15:09:40,382.72,383.11,382.61,383.06,65711.0,382.986,364," but considering that we also know that, at some point, you'll see rents coming down.",0.08883779264213393
2022-11-02 15:09:45,383.06,383.19,382.79,383.01,56341.0,382.956,303, Great.,-0.013052785464421075
2022-11-02 15:09:50,383.01,383.01,382.64,382.67,20167.0,382.754,141, It looks like stock and bond markets are reacting positively to your announcement so,-0.08877052818463617
2022-11-02 15:09:55,382.66,382.85,382.64,382.79,32671.0,382.711,181," Is that a problem or a, what, how much that might affect your future policy to see this",0.033972717294725195
2022-11-02 15:10:00,382.82,382.82,382.27,382.6,60271.0,382.613,178,,-0.0574682618462908
2022-11-02 15:10:05,382.58,382.59,382.2,382.33,23412.0,382.359,171," You know, we're not, we're not targeting any one or two particular things.",-0.0653458100266611
2022-11-02 15:10:10,382.31,382.47,382.16,382.39,47173.0,382.319,266," You know, our message should be, what I'm trying to do is make sure that our message is",0.02092542700949075
2022-11-02 15:10:15,382.37,382.37,382.02,382.2,61329.0,382.226,266," We have some ground to cover with interest rates before we get to, before we get to that level",-0.04445955488140176
2022-11-02 15:10:20,382.22,382.3,382.06,382.28,31300.0,382.186,186,,0.015697765684669934
2022-11-02 15:10:25,382.29,382.67,382.29,382.65,23561.0,382.494,165, And putting that in the statement and identifying that as a goal is an important step.,0.09416934787725464
2022-11-02 15:10:30,382.65,382.66,382.23,382.27,33059.0,382.481,142, And that's meant to put that question really as the important one now going forward.,-0.0993074611263545
2022-11-02 15:10:35,382.27,382.42,382.21,382.33,23271.0,382.338,107,,0.015695712454548427
2022-11-02 15:10:40,382.31,382.33,382.01,382.08,21934.0,382.164,142," I've also said that we think that the level of rates that we, we estimated in September,",-0.06016060265230263
2022-11-02 15:10:45,382.05,382.13,381.92,382.02,31990.0,382.022,183," I mean, I would have little confidence that the forecast, if we made a forecast today,",-0.007852375343549158
2022-11-02 15:10:50,382.03,382.06,381.76,381.79,28651.0,381.847,194," if we were doing an SCP today, you know, the pattern has been that one after another, if",-0.06282229144306789
2022-11-02 15:10:55,381.78,382.01,381.65,382.01,36785.0,381.762,224," But there's no sense that, that, you know, that inflation is coming down to, just,",0.060244119650065014
2022-11-02 15:11:00,382.02,382.28,381.89,382.28,17039.0,382.089,117,,0.06805926391288177
2022-11-02 15:11:05,382.23,382.45,382.22,382.29,32329.0,382.333,210," if you look at the, I have a table of the, the last 12 months of 12 month readings.",0.01569735499568382
2022-11-02 15:11:10,382.31,382.44,382.06,382.06,32315.0,382.24,193," So, okay.",-0.0653919594046716
2022-11-02 15:11:15,382.03,382.13,381.97,382.09,30186.0,382.036,182, So I would also say it's premature to discuss pausing.,0.015705572860770692
2022-11-02 15:11:20,382.1,382.13,381.87,381.92,22465.0,382.002,99, And it's not something that we're thinking about.,-0.04710808688825093
2022-11-02 15:11:25,381.92,381.92,381.79,381.83,39561.0,381.855,211," We have, we have a ways to go.",-0.023565144532894804
2022-11-02 15:11:30,381.81,381.91,381.8,381.86,30351.0,381.853,171, And the last thing I'll say is that I would want people to understand our commitment to,0.013095518713499218
2022-11-02 15:11:35,381.91,382.02,381.79,381.8,37805.0,381.917,227," And to not making the mistake of, of, of, of not doing enough for the mistake of withdrawing",-0.02880259747061183
2022-11-02 15:11:40,381.81,381.83,381.6,381.77,46602.0,381.718,307," our, our strong policy and doing that too soon.",-0.010476414970802353
2022-11-02 15:11:45,381.77,382.0,381.74,381.9,23275.0,381.848,146," So those, I, I control those messages and, and that's my job.",0.034051916075122576
2022-11-02 15:11:50,381.93,381.93,381.7,381.7,30770.0,381.793,165, Edward.,-0.060220459246463534
2022-11-02 15:11:55,381.69,381.84,381.68,381.84,26703.0,381.788,164, Thank you.,0.03929890749036581
2022-11-02 15:12:00,381.81,381.81,381.55,381.64,21994.0,381.647,161, So how big of a headwind is all the fiscal spending to what the Federal Reserve is trying,-0.04452476362589139
2022-11-02 15:12:05,381.62,381.7,381.55,381.69,15937.0,381.606,101," You know, in theory it was a headwind this year.",0.018342854148103657
2022-11-02 15:12:10,381.69,381.77,381.63,381.75,19425.0,381.707,120, But I do think the broader context is that you have households that have these significant,0.0157195629961493
2022-11-02 15:12:15,381.77,382.03,381.76,382.03,22042.0,381.924,155, amounts of savings and can keep spending.,0.06810383215024515
2022-11-02 15:12:20,382.01,382.12,381.98,382.05,19671.0,382.034,117," Even in, so, so I think those two things do tend to wage to sort of counterbalance each",0.010470930080369745
2022-11-02 15:12:25,382.07,382.11,381.8,381.81,23903.0,381.959,125," It appears consumer spending is, is still positive.",-0.06805035726437327
2022-11-02 15:12:30,381.82,382.0,381.78,381.93,13173.0,381.892,88," It's not shrinking, but, and, you know, people are, and, you know, the banks that deal with",0.028809386621972043
2022-11-02 15:12:35,381.94,382.1,381.91,381.91,13165.0,381.999,89, retail customers.,-0.007854636853948976
2022-11-02 15:12:40,381.9,381.94,381.82,381.91,8667.0,381.883,69," still, you know, real, they're, they're, they're fine.",0.002618486514806952
2022-11-02 15:12:45,381.89,381.97,381.85,381.85,15637.0,381.877,80, So I don't know how big the fiscal headwinds are.,-0.010474220325215016
2022-11-02 15:12:50,381.87,382.05,381.85,381.85,12935.0,381.943,79," So it must have to do with the, with the savings that people have.",-0.005237384450200804
2022-11-02 15:12:55,381.85,381.95,381.84,381.86,40340.0,381.857,196, There's tens of billions yet to be spent.,0.0026188293832632983
2022-11-02 15:13:00,381.89,382.01,381.84,381.84,20953.0,381.915,139, and Infrastructure Bill.,-0.013092775406533655
2022-11-02 15:13:05,381.83,381.89,381.72,381.86,15984.0,381.771,130," You know, it's, um, demand is going to have some support from those savings.",0.007856899667398989
2022-11-02 15:13:10,381.76,381.78,381.63,381.63,15509.0,381.688,88, And also from the strong demand that's still in the labor market.,-0.0340528080469393
2022-11-02 15:13:15,381.65,381.9,381.64,381.87,12695.0,381.77,82," We still see pretty significant demand and, and, and, um, a tightening labor market in",0.05764443862178103
2022-11-02 15:13:20,381.91,381.93,381.84,381.92,13217.0,381.894,76," some respects, although I think overall, I would say it's not really tightening or, or",0.0026184179518710963
2022-11-02 15:13:25,381.92,381.92,381.69,381.76,10747.0,381.767,57," And what those things tell us is that, you know, our job is going to require some resolve",-0.0418935902806936
2022-11-02 15:13:30,381.74,381.9,381.63,381.77,18045.0,381.782,95," We, we're going to have to stick with this.",0.00785875203017046
2022-11-02 15:13:35,381.78,381.95,381.77,381.94,18932.0,381.859,116," It's, and, and, um, you know, that's just, we take, we take all that as a given, but",0.041908952800048464
2022-11-02 15:13:40,381.92,381.93,381.46,381.54,43594.0,381.583,242," And, um, that's how we think about it.",-0.09949727691663054
2022-11-02 15:13:45,381.55,381.67,381.43,381.52,26648.0,381.541,154, We'll go to Nancy for the last question.,-0.007862665443593122
2022-11-02 15:13:50,381.46,381.49,381.3,381.44,29518.0,381.409,218," I'm wondering, has the window for a soft landing narrowed?",-0.005243013684260948
2022-11-02 15:13:55,381.46,381.47,381.33,381.44,14110.0,381.417,91, Do you still think it's possible?,-0.005243013684260948
2022-11-02 15:14:00,381.44,381.46,381.27,381.35,28677.0,381.335,165, Is it still possible?,-0.023594798657711566
2022-11-02 15:14:05,381.37,381.5,381.31,381.39,18588.0,381.387,111," I, I think, um, we've always said it was going to be difficult, but I think to the extent",0.005244250989847605
2022-11-02 15:14:10,381.37,381.44,381.31,381.34,12669.0,381.363,79," rates have to go higher and stay higher for longer, it becomes harder to, uh, to see the",-0.007866376484786311
2022-11-02 15:14:15,381.33,381.44,381.26,381.42,12328.0,381.324,83," I would say the path is narrowed over the course of the last year, really.",0.02360160490914217
2022-11-02 15:14:20,381.44,381.46,381.26,381.34,15342.0,381.357,88," You know, again, I, I would say that the, the, the sort of array, array of data in the",-0.0262164429530261
2022-11-02 15:14:25,381.31,381.35,381.17,381.32,23682.0,381.256,135,,0.002622538092363406
2022-11-02 15:14:30,381.33,381.33,381.14,381.15,30113.0,381.185,193," And to many economists, um, there is a path to, uh, there's your ordinary, there's a relationship",-0.047203209818269434
2022-11-02 15:14:35,381.16,381.32,381.04,381.31,34047.0,381.185,168," to GP going down and, um, and vacancies, uh, declining, translating into, uh, un-appointed",0.03935355231398291
2022-11-02 15:14:40,381.3,381.32,381.13,381.13,12268.0,381.218,79,,-0.04458431681091422
2022-11-02 15:14:45,381.13,381.22,381.08,381.1,14092.0,381.145,93, And so all those things are relationships that are in the data and they're very real.,-0.007871329992383888
2022-11-02 15:14:50,381.08,381.17,381.02,381.12,19452.0,381.074,114," They is a little bit different this time though, because you have this tremendously high level",0.010496483677973251
2022-11-02 15:14:55,381.14,381.19,381.1,381.13,9091.0,381.14,68," of vacancies and, well, we think on a, on a very steep part of the beverage curve, all",-0.0026237078238943445
2022-11-02 15:15:00,381.13,381.13,380.84,380.97,50951.0,380.95,273," I would say is that, that the, the law, the job losses may turn out to be less than would",-0.04198042662607723
2022-11-02 15:15:05,380.96,381.05,380.72,380.78,29043.0,380.913,137," be indicated by those traditional measures because, uh, because job openings are so elevated",-0.04724905501890141
2022-11-02 15:15:10,380.8,380.98,380.79,380.83,13609.0,380.858,87, and because the labor market is so strong.,0.007878151260497037
2022-11-02 15:15:15,380.82,380.84,380.68,380.71,17001.0,380.755,95," I, I think no one knows whether there's going to be a recession or not.",-0.028885037550552398
2022-11-02 15:15:20,380.68,380.74,380.61,380.7,38989.0,380.655,234," And, uh, if so, how, how bad that recession would be and, um, you know, our job is to restore",0.005253756435846855
2022-11-02 15:15:25,380.65,380.72,380.4,380.62,37139.0,380.554,266,,-0.007881255746741814
2022-11-02 15:15:30,380.64,380.71,380.57,380.61,12830.0,380.643,69, price stability so that we can have a strong labor market that benefits all over time.,-0.007881462799488419
2022-11-02 15:15:35,380.61,380.7,380.59,380.61,10480.0,380.653,70," So, just real quickly, why do you feel like the window has narrowed?",0.0
2022-11-02 15:15:40,380.61,380.62,380.43,380.49,24878.0,380.496,109," Um, because we haven't seen, um, inflation coming down.",-0.03152833609206394
2022-11-02 15:15:45,380.48,380.48,380.32,380.36,37238.0,380.384,173," The, if the implication of inflation not coming down, and what we, what we would expect",-0.03153910849453442
2022-11-02 15:15:50,380.36,380.37,380.2,380.22,35917.0,380.271,177," by now to have seen is that as the, really as a supply side problems have, had resolved",-0.03680723525081143
2022-11-02 15:15:55,380.23,380.31,380.15,380.23,54266.0,380.215,185," themselves, we would have expected goods inflation to come down by now, long since by now.",0.0
2022-11-02 15:16:00,380.2,380.34,380.2,380.29,20813.0,380.277,95," And it really hasn't, although it's, it's, it's, it actually has come down, but it's,",0.023671751709634883
2022-11-02 15:16:05,380.3,380.48,380.3,380.39,40401.0,380.418,265," At the same time, now you see services inflation, core services inflation moving up.",0.02366552721534972
2022-11-02 15:16:10,380.37,380.49,380.24,380.45,40709.0,380.378,221," And, um, I, I just think that the inflation picture has become more and more challenging",0.021032152903747426
2022-11-02 15:16:15,380.45,380.48,380.38,380.39,12465.0,380.425,69, over the course of this year without a question.,-0.015770797739519588
2022-11-02 15:16:20,380.38,380.38,380.28,380.36,24107.0,380.324,139," That means that we have to, uh, have policy be more restrictive and that narrows the path",-0.005257899994737318
2022-11-02 15:16:25,380.35,380.36,380.28,380.34,12428.0,380.311,91, Thanks very much.,-0.0026291573550802543
